{"instances": [{"nose": [303.07855224609375, 64.03218078613281, 0.20244565606117249], "left_eye": [287.64593505859375, 56.5430908203125, 0.3365812599658966], "right_eye": [299.095947265625, 59.538726806640625, 0.1856773942708969], "left_ear": [289.6372375488281, 59.538726806640625, 1.3439996242523193], "right_ear": [316.0220031738281, 59.039451599121094, 1.051550269126892], "left_shoulder": [268.7285461425781, 96.48490142822266, 0.5116419792175293], "right_shoulder": [334.93939208984375, 100.97835540771484, 0.3313622772693634], "left_elbow": [259.7677001953125, 147.41070556640625, 0.46289876103401184], "right_elbow": [343.4024353027344, 150.40634155273438, 0.589163064956665], "left_wrist": [263.75030517578125, 184.8561553955078, 0.7302719354629517], "right_wrist": [343.9002685546875, 191.84596252441406, 0.7398151159286499], "left_hip": [280.6763916015625, 198.83578491210938, 0.15909479558467865], "right_hip": [321.99591064453125, 199.33505249023438, 0.13737137615680695], "left_knee": [274.20465087890625, 270.7310485839844, 0.45295873284339905], "right_knee": [327.4720153808594, 273.2274169921875, 0.44525226950645447], "left_ankle": [268.2307434082031, 345.6219482421875, 0.3604922294616699], "right_ankle": [331.4546203613281, 345.6219482421875, 0.4378282129764557]}, {"nose": [106.703125, 57.783203125, 1.6090006828308105], "left_eye": [112.19438171386719, 52.28800964355469, 1.1021926403045654], "right_eye": [101.21186828613281, 51.78844451904297, 1.7776864767074585], "left_ear": [120.18167114257812, 61.77970886230469, 1.7828776836395264], "right_ear": [92.2261734008789, 58.28276824951172, 1.1957048177719116], "left_shoulder": [136.15623474121094, 102.24432373046875, 0.4202011823654175], "right_shoulder": [69.76193237304688, 99.2469482421875, 0.42808789014816284], "left_elbow": [144.64273071289062, 149.70281982421875, 0.6006174087524414], "right_elbow": [58.7794189453125, 146.2058868408203, 0.6693835854530334], "left_wrist": [142.14669799804688, 192.1656951904297, 0.8676146864891052], "right_wrist": [61.77465057373047, 190.16744995117188, 0.6658051013946533], "left_hip": [123.17691040039062, 205.65390014648438, 0.18604633212089539], "right_hip": [83.240478515625, 204.65478515625, 0.20276126265525818], "left_knee": [119.68246459960938, 274.09405517578125, 0.5230345726013184], "right_knee": [68.26432037353516, 270.59710693359375, 0.5310092568397522], "left_ankle": [109.19915771484375, 335.54034423828125, 0.43180447816848755], "right_ankle": [65.76829528808594, 340.036376953125, 0.35806769132614136]}, {"nose": [489.47479248046875, 58.99321746826172, 0.7496535778045654], "left_eye": [496.4593505859375, 53.998939514160156, 1.150949478149414], "right_eye": [491.4703674316406, 52.50065612792969, 0.6139811277389526], "left_ear": [513.4218139648438, 61.4903564453125, 2.855484962463379], "right_ear": [513.4218139648438, 61.4903564453125, 1.037015438079834], "left_shoulder": [537.8677978515625, 99.94628143310547, 0.17991365492343903], "right_shoulder": [486.48138427734375, 100.94513702392578, 0.4664449095726013], "left_elbow": [545.85009765625, 149.38961791992188, 0.5066201686859131], "right_elbow": [480.49462890625, 148.3907470703125, 0.6149357557296753], "left_wrist": [535.8721923828125, 195.33694458007812, 0.6059296727180481], "right_wrist": [470.5166931152344, 189.34381103515625, 0.655205249786377], "left_hip": [521.903076171875, 207.8226318359375, 0.13463899493217468], "right_hip": [487.97808837890625, 202.3289337158203, 0.17212389409542084], "left_knee": [533.377685546875, 271.24993896484375, 0.36451706290245056], "right_knee": [494.962646484375, 268.7528076171875, 0.3526833653450012], "left_ankle": [542.3578491210938, 336.175537109375, 0.2587336599826813], "right_ankle": [501.44830322265625, 327.6852722167969, 0.31821408867836]}], "connection_rules": [["left_ear", "left_eye", [102, 204, 255]], ["right_ear", "right_eye", [51, 153, 255]], ["left_eye", "nose", [102, 0, 204]], ["nose", "right_eye", [51, 102, 255]], ["left_shoulder", "right_shoulder", [255, 128, 0]], ["left_shoulder", "left_elbow", [153, 255, 204]], ["right_shoulder", "right_elbow", [128, 229, 255]], ["left_elbow", "left_wrist", [153, 255, 153]], ["right_elbow", "right_wrist", [102, 255, 224]], ["left_hip", "right_hip", [255, 102, 0]], ["left_hip", "left_knee", [255, 255, 77]], ["right_hip", "right_knee", [153, 255, 204]], ["left_knee", "left_ankle", [191, 255, 128]], ["right_knee", "right_ankle", [255, 195, 77]]]}