{"instances": [{"nose": [433.8286437988281, 87.46943664550781, 1.683628797531128], "left_eye": [440.90179443359375, 77.53234100341797, 1.2118598222732544], "right_eye": [422.5115966796875, 78.9519271850586, 3.635728359222412], "left_ear": [450.09686279296875, 79.6617202758789, 1.5559228658676147], "right_ear": [409.07269287109375, 87.46943664550781, 0.9466642737388611], "left_shoulder": [466.3650817871094, 122.24928283691406, 0.29992440342903137], "right_shoulder": [397.0483093261719, 132.18638610839844, 0.44500401616096497], "left_elbow": [475.5601501464844, 189.67959594726562, 0.5405651330947876], "right_elbow": [338.3412780761719, 118.70032501220703, 0.48234862089157104], "left_wrist": [445.8529968261719, 255.69032287597656, 0.7428236603736877], "right_wrist": [385.02398681640625, 71.85399627685547, 0.42462190985679626], "left_hip": [459.999267578125, 244.33363342285156, 0.16885264217853546], "right_hip": [409.07269287109375, 240.78468322753906, 0.21294859051704407], "left_knee": [468.48699951171875, 371.38653564453125, 0.5313045978546143], "right_knee": [405.53607177734375, 372.80615234375, 0.5446082949638367], "left_ankle": [479.80401611328125, 445.91473388671875, 0.44784051179885864], "right_ankle": [409.77996826171875, 480.6946105957031, 0.5223084688186646]}], "connection_rules": [["left_ear", "left_eye", [102, 204, 255]], ["right_ear", "right_eye", [51, 153, 255]], ["left_eye", "nose", [102, 0, 204]], ["nose", "right_eye", [51, 102, 255]], ["left_shoulder", "right_shoulder", [255, 128, 0]], ["left_shoulder", "left_elbow", [153, 255, 204]], ["right_shoulder", "right_elbow", [128, 229, 255]], ["left_elbow", "left_wrist", [153, 255, 153]], ["right_elbow", "right_wrist", [102, 255, 224]], ["left_hip", "right_hip", [255, 102, 0]], ["left_hip", "left_knee", [255, 255, 77]], ["right_hip", "right_knee", [153, 255, 204]], ["left_knee", "left_ankle", [191, 255, 128]], ["right_knee", "right_ankle", [255, 195, 77]]]}