{"instances": [{"nose": [161.19003295898438, 60.60539627075195, 2.9923641681671143], "left_eye": [170.4683837890625, 52.158206939697266, 3.9879932403564453], "right_eye": [152.75518798828125, 52.580562591552734, 6.3111162185668945], "left_ear": [181.85543823242188, 58.91595458984375, 1.0304877758026123], "right_ear": [142.6333465576172, 61.02775955200195, 1.6074130535125732], "left_shoulder": [207.5817413330078, 119.7357406616211, 0.31735825538635254], "right_shoulder": [119.4375, 121.8475341796875, 0.4246573746204376], "left_elbow": [226.56016540527344, 184.77911376953125, 0.5235909223556519], "right_elbow": [101.30255889892578, 192.38157653808594, 0.6176884174346924], "left_wrist": [213.0644073486328, 243.90945434570312, 0.6986135244369507], "right_wrist": [115.64181518554688, 244.75418090820312, 0.5348822474479675], "left_hip": [191.1337890625, 267.56158447265625, 0.16662564873695374], "right_hip": [137.15069580078125, 262.4932861328125, 0.18690380454063416], "left_knee": [189.86854553222656, 363.43719482421875, 0.588603138923645], "right_knee": [131.6680450439453, 362.59246826171875, 0.5620868802070618], "left_ankle": [191.1337890625, 460.15753173828125, 0.3673769533634186], "right_ankle": [131.6680450439453, 459.7351989746094, 0.4286978244781494]}], "connection_rules": [["left_ear", "left_eye", [102, 204, 255]], ["right_ear", "right_eye", [51, 153, 255]], ["left_eye", "nose", [102, 0, 204]], ["nose", "right_eye", [51, 102, 255]], ["left_shoulder", "right_shoulder", [255, 128, 0]], ["left_shoulder", "left_elbow", [153, 255, 204]], ["right_shoulder", "right_elbow", [128, 229, 255]], ["left_elbow", "left_wrist", [153, 255, 153]], ["right_elbow", "right_wrist", [102, 255, 224]], ["left_hip", "right_hip", [255, 102, 0]], ["left_hip", "left_knee", [255, 255, 77]], ["right_hip", "right_knee", [153, 255, 204]], ["left_knee", "left_ankle", [191, 255, 128]], ["right_knee", "right_ankle", [255, 195, 77]]]}