{"instances": [{"nose": [212.06275939941406, 57.412689208984375, 0.92987459897995], "left_eye": [219.2806396484375, 51.20558166503906, 1.0329303741455078], "right_eye": [203.81375122070312, 51.20558166503906, 1.0522500276565552], "left_ear": [230.1074676513672, 53.791873931884766, 0.5217824578285217], "right_ear": [194.01805114746094, 57.412689208984375, 0.5362165570259094], "left_shoulder": [247.12106323242188, 100.86241912841797, 0.3850521743297577], "right_shoulder": [175.9733428955078, 105.51774597167969, 0.2654184103012085], "left_elbow": [252.79225158691406, 159.8299102783203, 0.5634896159172058], "right_elbow": [173.39552307128906, 162.41619873046875, 0.5573793649673462], "left_wrist": [255.8856201171875, 210.00399780273438, 0.7178807854652405], "right_wrist": [169.27101135253906, 217.76287841796875, 0.5107889175415039], "left_hip": [237.32534790039062, 208.969482421875, 0.13775810599327087], "right_hip": [191.95579528808594, 210.00399780273438, 0.11637106537818909], "left_knee": [234.2319793701172, 298.4552307128906, 0.4010727107524872], "right_knee": [199.68923950195312, 294.3171691894531, 0.3827153742313385], "left_ankle": [229.0763397216797, 375.52679443359375, 0.31404662132263184], "right_ankle": [204.84486389160156, 375.52679443359375, 0.28857889771461487]}], "connection_rules": [["left_ear", "left_eye", [102, 204, 255]], ["right_ear", "right_eye", [51, 153, 255]], ["left_eye", "nose", [102, 0, 204]], ["nose", "right_eye", [51, 102, 255]], ["left_shoulder", "right_shoulder", [255, 128, 0]], ["left_shoulder", "left_elbow", [153, 255, 204]], ["right_shoulder", "right_elbow", [128, 229, 255]], ["left_elbow", "left_wrist", [153, 255, 153]], ["right_elbow", "right_wrist", [102, 255, 224]], ["left_hip", "right_hip", [255, 102, 0]], ["left_hip", "left_knee", [255, 255, 77]], ["right_hip", "right_knee", [153, 255, 204]], ["left_knee", "left_ankle", [191, 255, 128]], ["right_knee", "right_ankle", [255, 195, 77]]]}