{"instances": [{"nose": [189.25621032714844, 60.355857849121094, 1.084855556488037], "left_eye": [195.6014862060547, 54.42672348022461, 0.7815322875976562], "right_eye": [179.94979858398438, 52.309173583984375, 0.8674294352531433], "left_ear": [202.79278564453125, 62.049896240234375, 0.6380479335784912], "right_ear": [163.02908325195312, 59.93234634399414, 1.2219325304031372], "left_shoulder": [221.40560913085938, 113.29454803466797, 0.5770748257637024], "right_shoulder": [136.37890625, 111.17700958251953, 0.20563124120235443], "left_elbow": [239.5953826904297, 171.3153533935547, 0.4612292945384979], "right_elbow": [115.65100860595703, 170.891845703125, 0.4434249699115753], "left_wrist": [235.36520385742188, 225.9480743408203, 0.36296722292900085], "right_wrist": [137.22494506835938, 231.0301971435547, 0.4340166449546814], "left_hip": [216.7523956298828, 247.5470733642578, 0.16499781608581543], "right_hip": [160.91397094726562, 247.9705810546875, 0.1537790447473526], "left_knee": [207.02297973632812, 341.5661926269531, 0.3881336450576782], "right_knee": [148.2234344482422, 341.98968505859375, 0.4286971986293793], "left_ankle": [203.63882446289062, 434.3147888183594, 0.3189277648925781], "right_ankle": [143.57022094726562, 436.0087890625, 0.30983027815818787]}], "connection_rules": [["left_ear", "left_eye", [102, 204, 255]], ["right_ear", "right_eye", [51, 153, 255]], ["left_eye", "nose", [102, 0, 204]], ["nose", "right_eye", [51, 102, 255]], ["left_shoulder", "right_shoulder", [255, 128, 0]], ["left_shoulder", "left_elbow", [153, 255, 204]], ["right_shoulder", "right_elbow", [128, 229, 255]], ["left_elbow", "left_wrist", [153, 255, 153]], ["right_elbow", "right_wrist", [102, 255, 224]], ["left_hip", "right_hip", [255, 102, 0]], ["left_hip", "left_knee", [255, 255, 77]], ["right_hip", "right_knee", [153, 255, 204]], ["left_knee", "left_ankle", [191, 255, 128]], ["right_knee", "right_ankle", [255, 195, 77]]]}