{"instances": [{"nose": [149.3567352294922, 40.76304244995117, 2.525919198989868], "left_eye": [152.1125946044922, 38.2525634765625, 1.698704719543457], "right_eye": [146.60089111328125, 38.00151443481445, 2.275691509246826], "left_ear": [155.87057495117188, 40.26094436645508, 0.8059051036834717], "right_ear": [142.09130859375, 39.25675582885742, 0.5042387247085571], "left_shoulder": [164.13812255859375, 57.332191467285156, 0.3823075294494629], "right_shoulder": [133.0721435546875, 58.33638000488281, 0.26608285307884216], "left_elbow": [172.65623474121094, 79.17333984375, 0.4685775935649872], "right_elbow": [126.80885314941406, 80.17753601074219, 0.4104691743850708], "left_wrist": [165.89186096191406, 97.248779296875, 0.21719053387641907], "right_wrist": [133.0721435546875, 96.74667358398438, 0.31843483448028564], "left_hip": [159.37802124023438, 102.26972961425781, 0.13756470382213593], "right_hip": [141.8407745361328, 104.78020477294922, 0.13059140741825104], "left_knee": [161.13174438476562, 136.91432189941406, 0.3922838866710663], "right_knee": [143.34396362304688, 138.42059326171875, 0.45578688383102417], "left_ankle": [162.88546752929688, 171.55889892578125, 0.29992902278900146], "right_ankle": [145.8492889404297, 171.80995178222656, 0.35611817240715027]}, {"nose": [91.41068267822266, 43.589115142822266, 0.8337103128433228], "left_eye": [94.4085464477539, 40.5761833190918, 0.6335298418998718], "right_eye": [88.41282653808594, 40.82726287841797, 0.8460215330123901], "left_ear": [98.65550231933594, 43.84019088745117, 0.751025915145874], "right_ear": [85.16514587402344, 44.091270446777344, 0.748059093952179], "left_shoulder": [106.150146484375, 62.419921875, 0.22851534187793732], "right_shoulder": [79.66908264160156, 62.92207717895508, 0.23116910457611084], "left_elbow": [109.14800262451172, 81.75289154052734, 0.19130772352218628], "right_elbow": [81.41783142089844, 86.77444458007812, 0.14655691385269165], "left_wrist": [87.9131851196289, 83.51042938232422, 0.17811690270900726], "right_wrist": [101.4035415649414, 84.26365661621094, 0.1750507950782776], "left_hip": [102.9024658203125, 105.6052474975586, 0.13213405013084412], "right_hip": [85.91461944580078, 105.6052474975586, 0.12268812209367752], "left_knee": [100.15443420410156, 135.48345947265625, 0.2974885106086731], "right_knee": [88.66265106201172, 137.24099731445312, 0.290210098028183], "left_ankle": [99.90461730957031, 170.1321563720703, 0.25060340762138367], "right_ankle": [91.41068267822266, 169.88107299804688, 0.2426334172487259]}, {"nose": [32.33810043334961, 37.034027099609375, 1.3877310752868652], "left_eye": [34.59661865234375, 33.77278137207031, 0.971261203289032], "right_eye": [29.0757999420166, 34.274513244628906, 1.6456308364868164], "left_ear": [38.86270523071289, 35.528839111328125, 0.6783813238143921], "right_ear": [25.311603546142578, 37.034027099609375, 1.0181695222854614], "left_shoulder": [48.39866256713867, 54.84544372558594, 0.34540122747421265], "right_shoulder": [21.04551887512207, 56.35063171386719, 0.15763947367668152], "left_elbow": [54.92326736450195, 76.16897583007812, 0.2361367791891098], "right_elbow": [27.821069717407227, 78.17588806152344, 0.42808395624160767], "left_wrist": [33.843780517578125, 78.17588806152344, 0.09752868860960007], "right_wrist": [45.13636016845703, 73.1585922241211, 0.1683838665485382], "left_hip": [47.1439323425293, 101.00460815429688, 0.1584509164094925], "right_hip": [30.33053207397461, 101.25547790527344, 0.13926663994789124], "left_knee": [48.39866256713867, 134.11878967285156, 0.3565092384815216], "right_knee": [29.326745986938477, 135.1222686767578, 0.40056031942367554], "left_ankle": [49.65339279174805, 170.49423217773438, 0.22787179052829742], "right_ankle": [29.0757999420166, 170.99595642089844, 0.29745805263519287]}, {"nose": [211.20388793945312, 43.54177474975586, 1.6274118423461914], "left_eye": [213.95187377929688, 40.52956008911133, 1.4519107341766357], "right_eye": [209.205322265625, 41.03158950805664, 1.581358790397644], "left_ear": [219.44789123535156, 41.53363037109375, 0.4690900444984436], "right_ear": [206.70713806152344, 43.29075622558594, 0.5617648363113403], "left_shoulder": [224.94390869140625, 60.108970642089844, 0.20158761739730835], "right_shoulder": [204.45877075195312, 60.3599853515625, 0.2187214195728302], "left_elbow": [217.4493408203125, 82.19856262207031, 0.48842525482177734], "right_elbow": [193.21693420410156, 80.19041442871094, 0.14605838060379028], "left_wrist": [200.21185302734375, 81.94754028320312, 0.2497551143169403], "right_wrist": [213.45223999023438, 81.94754028320312, 0.05390043184161186], "left_hip": [217.94898986816406, 103.2840805053711, 0.13567574322223663], "right_hip": [205.20823669433594, 102.78205108642578, 0.16063621640205383], "left_knee": [218.19879150390625, 136.41847229003906, 0.3122718334197998], "right_knee": [211.95333862304688, 136.41847229003906, 0.2286536693572998], "left_ankle": [220.69699096679688, 171.56100463867188, 0.1361752152442932], "right_ankle": [217.94898986816406, 169.30184936523438, 0.13763469457626343]}], "connection_rules": [["left_ear", "left_eye", [102, 204, 255]], ["right_ear", "right_eye", [51, 153, 255]], ["left_eye", "nose", [102, 0, 204]], ["nose", "right_eye", [51, 102, 255]], ["left_shoulder", "right_shoulder", [255, 128, 0]], ["left_shoulder", "left_elbow", [153, 255, 204]], ["right_shoulder", "right_elbow", [128, 229, 255]], ["left_elbow", "left_wrist", [153, 255, 153]], ["right_elbow", "right_wrist", [102, 255, 224]], ["left_hip", "right_hip", [255, 102, 0]], ["left_hip", "left_knee", [255, 255, 77]], ["right_hip", "right_knee", [153, 255, 204]], ["left_knee", "left_ankle", [191, 255, 128]], ["right_knee", "right_ankle", [255, 195, 77]]]}