{"instances": [{"nose": [138.51373291015625, 47.419219970703125, 1.1634821891784668], "left_eye": [143.15943908691406, 41.071800231933594, 0.7244136929512024], "right_eye": [131.75633239746094, 42.341285705566406, 1.2558315992355347], "left_ear": [150.7615203857422, 44.880252838134766, 1.1532937288284302], "right_ear": [124.15425109863281, 48.26554489135742, 1.6304816007614136], "left_shoulder": [167.655029296875, 80.42581176757812, 0.49651670455932617], "right_shoulder": [116.12983703613281, 85.0805892944336, 0.3469570279121399], "left_elbow": [179.0581512451172, 121.47248077392578, 0.7832175493240356], "right_elbow": [113.5958023071289, 131.62835693359375, 1.029717206954956], "left_wrist": [194.26229858398438, 156.59487915039062, 0.6268982291221619], "right_wrist": [154.14022827148438, 128.6662139892578, 0.4845121502876282], "left_hip": [168.07737731933594, 167.17391967773438, 0.14719362556934357], "right_hip": [136.4020538330078, 168.4434051513672, 0.14155904948711395], "left_knee": [160.4752960205078, 231.0712890625, 0.4186996817588806], "right_knee": [133.4456787109375, 231.49444580078125, 0.5268322825431824], "left_ankle": [154.56256103515625, 288.6212463378906, 0.3812568783760071], "right_ankle": [131.75633239746094, 292.00653076171875, 0.405067503452301]}], "connection_rules": [["left_ear", "left_eye", [102, 204, 255]], ["right_ear", "right_eye", [51, 153, 255]], ["left_eye", "nose", [102, 0, 204]], ["nose", "right_eye", [51, 102, 255]], ["left_shoulder", "right_shoulder", [255, 128, 0]], ["left_shoulder", "left_elbow", [153, 255, 204]], ["right_shoulder", "right_elbow", [128, 229, 255]], ["left_elbow", "left_wrist", [153, 255, 153]], ["right_elbow", "right_wrist", [102, 255, 224]], ["left_hip", "right_hip", [255, 102, 0]], ["left_hip", "left_knee", [255, 255, 77]], ["right_hip", "right_knee", [153, 255, 204]], ["left_knee", "left_ankle", [191, 255, 128]], ["right_knee", "right_ankle", [255, 195, 77]]]}