{"instances": [{"nose": [543.58984375, 118.098388671875, 0.7758423089981079], "left_eye": [551.1787719726562, 103.99874877929688, 0.979522705078125], "right_eye": [531.664306640625, 100.74497985839844, 1.6256568431854248], "left_ear": [490.46697998046875, 87.72992706298828, 0.3622729182243347], "right_ear": [490.46697998046875, 89.89910888671875, 0.8213440775871277], "left_shoulder": [566.3567504882812, 190.76577758789062, 0.27994826436042786], "right_shoulder": [424.3344421386719, 174.4969482421875, 0.3240313231945038], "left_elbow": [582.618896484375, 314.4087829589844, 0.6749998927116394], "right_elbow": [399.3992614746094, 291.6324462890625, 0.7362250089645386], "left_wrist": [590.207763671875, 420.6983947753906, 0.7534509301185608], "right_wrist": [389.6419677734375, 400.0912170410156, 0.9723696708679199], "left_hip": [516.486328125, 410.9371032714844, 0.16492919623851776], "right_hip": [439.5124206542969, 403.3450012207031, 0.21425916254520416], "left_knee": [530.5801391601562, 586.6403198242188, 0.5637000203132629], "right_knee": [408.0723571777344, 576.8790283203125, 0.5126324892044067], "left_ankle": [519.73876953125, 774.2739868164062, 0.3356795608997345], "right_ankle": [399.3992614746094, 765.5973510742188, 0.26097333431243896]}], "connection_rules": [["left_ear", "left_eye", [102, 204, 255]], ["right_ear", "right_eye", [51, 153, 255]], ["left_eye", "nose", [102, 0, 204]], ["nose", "right_eye", [51, 102, 255]], ["left_shoulder", "right_shoulder", [255, 128, 0]], ["left_shoulder", "left_elbow", [153, 255, 204]], ["right_shoulder", "right_elbow", [128, 229, 255]], ["left_elbow", "left_wrist", [153, 255, 153]], ["right_elbow", "right_wrist", [102, 255, 224]], ["left_hip", "right_hip", [255, 102, 0]], ["left_hip", "left_knee", [255, 255, 77]], ["right_hip", "right_knee", [153, 255, 204]], ["left_knee", "left_ankle", [191, 255, 128]], ["right_knee", "right_ankle", [255, 195, 77]]]}