{"instances": [{"nose": [170.27896118164062, 110.25471496582031, 1.09055495262146], "left_eye": [177.0528564453125, 103.0512924194336, 1.1781980991363525], "right_eye": [163.5050506591797, 102.6275634765625, 1.1926363706588745], "left_ear": [187.21371459960938, 110.25471496582031, 0.9269104599952698], "right_ear": [154.19091796875, 108.13606262207031, 0.743546187877655], "left_shoulder": [209.6522979736328, 161.9499053955078, 0.2884136438369751], "right_shoulder": [132.1757049560547, 164.0685577392578, 0.36502596735954285], "left_elbow": [217.27296447753906, 222.54342651367188, 0.3291245102882385], "right_elbow": [126.24853515625, 223.81460571289062, 0.32943129539489746], "left_wrist": [196.9512176513672, 248.81472778320312, 0.10534748435020447], "right_wrist": [149.53384399414062, 260.2554626464844, 0.14970140159130096], "left_hip": [201.18492126464844, 276.3572692871094, 0.20312342047691345], "right_hip": [156.30775451660156, 277.62847900390625, 0.13855445384979248], "left_knee": [214.30935668945312, 360.67974853515625, 0.32811862230300903], "right_knee": [157.1544952392578, 371.6967468261719, 0.31924620270729065], "left_ankle": [210.07566833496094, 464.91754150390625, 0.3707777261734009], "right_ankle": [165.19851684570312, 458.1378173828125, 0.37825602293014526]}], "connection_rules": [["left_ear", "left_eye", [102, 204, 255]], ["right_ear", "right_eye", [51, 153, 255]], ["left_eye", "nose", [102, 0, 204]], ["nose", "right_eye", [51, 102, 255]], ["left_shoulder", "right_shoulder", [255, 128, 0]], ["left_shoulder", "left_elbow", [153, 255, 204]], ["right_shoulder", "right_elbow", [128, 229, 255]], ["left_elbow", "left_wrist", [153, 255, 153]], ["right_elbow", "right_wrist", [102, 255, 224]], ["left_hip", "right_hip", [255, 102, 0]], ["left_hip", "left_knee", [255, 255, 77]], ["right_hip", "right_knee", [153, 255, 204]], ["left_knee", "left_ankle", [191, 255, 128]], ["right_knee", "right_ankle", [255, 195, 77]]]}