{"instances": [{"nose": [399.71380615234375, 73.38615417480469, 0.9946229457855225], "left_eye": [407.66064453125, 66.75178527832031, 1.7687333822250366], "right_eye": [389.7802734375, 68.07865905761719, 3.1365673542022705], "left_ear": [418.9186096191406, 76.03990936279297, 0.7956692576408386], "right_ear": [379.8467712402344, 82.0108413696289, 0.6189687252044678], "left_shoulder": [437.4612121582031, 130.44175720214844, 0.2838822603225708], "right_shoulder": [362.6286315917969, 140.39329528808594, 0.2935239374637604], "left_elbow": [452.692626953125, 198.11233520507812, 0.4394740164279938], "right_elbow": [363.953125, 210.7176513671875, 1.0657049417495728], "left_wrist": [450.0436706542969, 149.68142700195312, 0.5233429670333862], "right_wrist": [424.87872314453125, 213.37139892578125, 0.6549515128135681], "left_hip": [438.1234130859375, 259.81201171875, 0.2451048046350479], "right_hip": [391.1047668457031, 260.4754333496094, 0.15416103601455688], "left_knee": [440.7723693847656, 355.346923828125, 0.563088059425354], "right_knee": [373.8866271972656, 368.6156921386719, 0.37184664607048035], "left_ankle": [435.4744873046875, 442.2572326660156, 0.5022035241127014], "right_ankle": [348.7217102050781, 442.920654296875, 0.3825979232788086]}], "connection_rules": [["left_ear", "left_eye", [102, 204, 255]], ["right_ear", "right_eye", [51, 153, 255]], ["left_eye", "nose", [102, 0, 204]], ["nose", "right_eye", [51, 102, 255]], ["left_shoulder", "right_shoulder", [255, 128, 0]], ["left_shoulder", "left_elbow", [153, 255, 204]], ["right_shoulder", "right_elbow", [128, 229, 255]], ["left_elbow", "left_wrist", [153, 255, 153]], ["right_elbow", "right_wrist", [102, 255, 224]], ["left_hip", "right_hip", [255, 102, 0]], ["left_hip", "left_knee", [255, 255, 77]], ["right_hip", "right_knee", [153, 255, 204]], ["left_knee", "left_ankle", [191, 255, 128]], ["right_knee", "right_ankle", [255, 195, 77]]]}